{
  "datasets": [
    {
      "name": "tox21",
      "accuracy": 0.78,
      "f1": 0.42105263157894735,
      "precision": 0.2857142857142857,
      "recall": 0.8,
      "auc": 0.788888888888889,
      "samples": 50
    },
    {
      "name": "sider",
      "accuracy": 0.45454545454545453,
      "f1": 0.625,
      "precision": 0.45454545454545453,
      "recall": 1.0,
      "auc": 0.5,
      "samples": 11
    }
  ],
  "llm_total_calls": 100
}